name,location,price,capacity,rating,reviews,description
Atlanta Botanical Garden,"Atlanta, GA",$$$,151-200 Guests,4.7,21,"The Atlanta Botanical Garden is a versatile indoor/outdoor wedding venue in Atlanta, GA, offering lush lawns and verdant tropical foliage."
Monday Night Brewing: The Garage,Metro Atlanta,$$,300+ Guests,4.9,14,Monday Night Garage is one of Atlanta’s most charming and inviting private event spaces with high ceilings and ample natural light.
Park Tavern: The Piedmont Room & Piedmont Garden Tent,Georgia,$$,251-300 Guests,4.7,132,"Located in the heart of the city overlooking Piedmont Park, this venue celebrates Atlanta's city skylines and seasonal colors."
Journeyman's Hall,"Atlanta, GA",$$,151-200 Guests,5.0,3,"Journeyman's Hall is a wedding venue in South Downtown Atlanta, GA, led by owner Chef Vincent Marra to create your dream wedding day."
Factory Atlanta,"Atlanta, GA",$$$,300+ Guests,5.0,6,"Factory Atlanta is a versatile wedding venue perfect for couples who love to get creative, offering an industrial-meets-chic setting."
Grana,"Atlanta, GA",$$,151-200 Guests,5.0,1,"Grana provides authentic Southern Italian cuisine in a warm setting for wedding receptions, with 3 levels of event space."
Hyatt Regency Atlanta Perimeter at Villa Christina,"Atlanta, GA",$$$,300+ Guests,4.6,63,Villa Christina at Hyatt Regency is a hotel and wedding venue surrounded by 83 acres of landscaped gardens offering captivating views.
FORTH Hotel Atlanta,Georgia,$$$$,201-250 Guests,0.0,0,FORTH Hotel Atlanta is a deluxe wedding venue in the trendy Old Fourth Ward neighborhood with an elegant ballroom and rooftop facilities.
Ambient + Studio,"Atlanta, GA",$$,251-300 Guests,4.4,9,"Ambient + Studio is a unique wedding venue built in 1910, offering a historic setting for events in Atlanta, GA."
Wahoo! Grill,"Decatur, GA",$$,201-250 Guests,5.0,100,"Wahoo! Grill offers a full-service, memorable wedding experience with outstanding staff in Decatur, GA."
The Kimpton Shane,Atlanta,$$$,51-100 Guests,0.0,0,"The Kimpton Shane is a boutique hotel venue in Atlanta, GA, featuring stunning architecture and stylish furnishings for events."
Ecco Buckhead,"Atlanta, GA",$$$,300+ Guests,0.0,0,"Ecco Buckhead is an enchanting restaurant wedding venue in Atlanta, GA's vibrant Buckhead neighborhood, offering elegance and charm."
The White Bull,"Decatur, GA",$$,51-100 Guests,0.0,0,"The White Bull is a restaurant wedding venue in Decatur, GA, specializing in Italian farm-to-table cuisine."
Emory Conference Center Hotel,"Atlanta, GA",$$,300+ Guests,4.8,41,Emory Conference Center Hotel offers an elegant venue with unique surroundings in a convenient Atlanta location.
Historic DeKalb Courthouse,"Decatur, GA",$$,101-150 Guests,4.9,92,"The Historic DeKalb Courthouse is a premier wedding venue in Decatur, featuring an elegant courtroom with white marble and high ceilings."
The Wimbish House,"Atlanta, GA",$$,201-250 Guests,4.9,85,"The Wimbish House is a Victorian-era home in Midtown Atlanta, known as ‘The Light on Peachtree,’ offering a historic setting for events."
Renaissance Atlanta Midtown Hotel,Midtown Atlanta,$$$,300+ Guests,5.0,2,"Renaissance Atlanta Midtown Hotel is located in the arts and music district, offering a prime location for weddings and events."
SCAD Ivy Hall,Georgia,$$,101-150 Guests,4.5,4,"SCAD Ivy Hall is a historic wedding venue in Atlanta, GA, originally constructed in 1883 and offering a unique setting for events."
Swan Coach House,"Atlanta, GA",$$,101-150 Guests,5.0,7,"Swan Coach House is an elegant wedding venue in Atlanta, GA, originally part of the Inman family estate, offering a historic space."
Intercontinental Buckhead Atlanta,"Atlanta, GA",$$$,300+ Guests,5.0,8,InterContinental Buckhead Atlanta is a hotel wedding venue combining classic charm with modern luxury in a prestigious neighborhood.
Waldorf Astoria Atlanta Buckhead,"Atlanta, GA",$$$$,51-100 Guests,4.9,7,"Waldorf Astoria Atlanta Buckhead offers luxury and Southern charm in a prestigious neighborhood, perfect for tying the knot."
Wrecking Bar Brewpub,"Atlanta, GA",$$,201-250 Guests,5.0,9,"The Marianna at Wrecking Bar Brewpub is a historic mansion wedding venue in Atlanta, GA, featuring Victorian-era architecture."
42West Entertainment Group,"Atlanta, GA",$$$,251-300 Guests,5.0,6,"42West Entertainment Group is a wedding and special event venue in West Atlanta, offering a blend of industrial modernity and elegance."
Hotel Colee,"Atlanta, GA",$$$,251-300 Guests,0.0,0,"Hotel Colee is an award-winning hotel venue in Atlanta, GA, known for its modern development and redevelopment."
The Westside Warehouse,"Atlanta, GA",$$,201-250 Guests,5.0,37,"The Westside Warehouse is a converted warehouse venue in Atlanta’s west-midtown creative district, offering a unique event space."
Omni Atlanta Hotel at Centennial Park,"Atlanta, GA",,300+ Guests,5.0,2,"Omni Atlanta Hotel at Centennial Park is a downtown venue perfect for weddings, offering banquet and catering services."
Kimpton Sylvan Hotel,"Atlanta, GA",$$$,101-150 Guests,1.0,1,"The Kimpton Sylvan Hotel is a boutique wedding venue in Atlanta, GA, located in the heart of the Buckhead neighborhood."
THE TROLLEY BARN,"Atlanta, GA",$$,201-250 Guests,4.2,41,"THE TROLLEY BARN is a historic structure from 1889, offering a unique venue with hardwood floors and a garden area."
Grand Hyatt Atlanta in Buckhead,"Atlanta, GA",$$$,300+ Guests,5.0,4,Grand Hyatt Atlanta in Buckhead is an urban retreat offering comfort and convenience in the heart of Atlanta.
Renaissance Concourse Atlanta Airport Hotel,"Atlanta, GA",$$$,300+ Guests,0.0,0,Renaissance Concourse Atlanta Airport Hotel is a chic hotel venue combining luxury and convenience for weddings.
Epicurean Hotel Atlanta,"Atlanta, GA",$$$,101-150 Guests,5.0,3,"Epicurean Hotel Atlanta is a luxe and lavish wedding venue in Atlanta, GA, inspired by the sleek aesthetics of today's architecture."
Callanwolde Fine Arts Center,"Atlanta, GA",$$$,151-200 Guests,4.6,38,"Callanwolde Fine Arts Center is a unique wedding venue in Atlanta, GA, with a century-long legacy established by the Candler family."
Enon Ranch,"Atlanta, GA",$$,251-300 Guests,5.0,2,"Enon Ranch is a beautiful wedding venue located in Atlanta, GA, offering a rustic event space for love and celebration."
Pristine Chapel Lakeside,"Jonesboro, GA",$$,251-300 Guests,4.8,103,"Pristine Chapel is a luxe ceremony and reception venue in Jonesboro, GA, offering sweeping views and outdoor event space."
The Atrium,"Norcross, GA",$$,101-150 Guests,4.9,151,"The Atrium is a contemporary wedding venue in Norcross, GA, featuring a neo-classical design and a magnificent garden property."
Kimball Hall,"Roswell, GA",$$,151-200 Guests,5.0,162,"Kimball Hall is part of the Little River Farms venue group, offering indoor and outdoor ceremony sites in Roswell, GA."
Stanley House Mansion,"Marietta, GA",$$,101-150 Guests,5.0,48,"Stanley House Mansion is a stunning wedding venue in Marietta, GA, exuding history and classic Southern charm."
Brick and Ivey,"Marietta, GA",$$,151-200 Guests,5.0,99,"Brick and Ivey is North Atlanta's newest wedding venue in Marietta, GA, featuring exposed white brick walls and two bridal suites."
Primrose Cottage,"Roswell, GA",$$,300+ Guests,4.9,272,"Primrose Cottage is an enchanting wedding venue in Roswell, GA, situated on a stately front lawn in Historic Roswell."
Roswell Historic Hall,"Roswell, GA",$$,300+ Guests,4.3,49,"Roswell Historic Hall is an event venue in Roswell, GA, offering a variety of events including weddings and corporate events."
Naylor Hall,"Roswell, GA",N/A,201-250 Guests,5.0,173,"Naylor Hall is a historic venue in Roswell, GA, recently renovated to blend its 170-year history with modern amenities."
Country Club of Roswell,"Roswell, GA",$$,201-250 Guests,4.7,23,Country Club of Roswell offers a versatile wedding venue with options for intimate or large-scale celebrations.
Vecoma At The Yellow River,"Snellville, GA",$$,251-300 Guests,4.9,199,"Vecoma at the Yellow River is a waterfront wedding venue in metro Atlanta, GA, offering discounts for winter and summer weddings."
Olde Towne Special Events,"Atlanta, GA",$$,251-300 Guests,5.0,66,"Olde Towne Special Events is a full-service events facility in Atlanta, GA, providing a stylish backdrop for wedding festivities."
Little Gardens,"Lawrenceville, GA",$$,251-300 Guests,4.9,215,"Little Gardens in Lawrenceville, GA, is a serene wedding venue featuring a manor house and lavish green grounds."
Flint Hill,"Norcross, GA",$$,251-300 Guests,4.8,205,"Flint Hill is a beautifully restored historic mansion in Norcross, GA, offering a private estate for weddings."
Ivy Hall,"Roswell, GA",$$$,201-250 Guests,4.9,89,"Ivy Hall is part of the Roswell Mill, a unique piece of Southern history, offering a charming wedding venue in Roswell, GA."
The 173 Carlyle House,"Norcross, GA",$$,300+ Guests,4.8,109,"173 Carlyle House is a turn-of-the-century mansion in Norcross, GA, offering elegant rooms and manicured grounds for weddings."
Roswell Mill Club,"Roswell, GA",$$,151-200 Guests,4.8,41,"Roswell Mill Club is a historic venue in Roswell, GA, offering a unique setting for weddings with its Southern charm."
Brumby Hall & Gardens,"Marietta, GA",$$,151-200 Guests,4.0,2,"Brumby Hall & Gardens is a historic wedding venue in Marietta, GA, home to the Marietta Gone with the Wind Museum."
Eden Garden House,"Lithonia, GA",$$$,151-200 Guests,5.0,1,"Eden Garden House is a beautiful wedding venue in Lithonia, GA, offering a renovated garden house facility for special events."
Whitestone Reserve,"Austell, GA",$$,101-150 Guests,5.0,21,"Whitestone Reserve is a stunning new wedding venue in metro Atlanta, GA, featuring gorgeous chandeliers and natural lighting."
The Foxglove,"Marietta, GA",$$,300+ Guests,5.0,3,"The Foxglove is a characterful venue in Marietta, GA, part of the city's historic district and run by a local family."
The Reserves at Hamilton Homes,"Mableton, GA",$$$,101-150 Guests,5.0,1,"The Reserves at Hamilton Homes is a wedding venue in Mableton, GA, offering gorgeous sunset views and timeless interiors."
Huntcliff River Club,"Atlanta, GA",$$,101-150 Guests,4.9,30,"Huntcliff River Club is a wedding venue in Atlanta, GA, surrounded by century-old river oaks and manicured lawns."
Chattahoochee Nature Center,"Roswell, GA",$$,151-200 Guests,4.8,38,"Chattahoochee Nature Center is a wedding venue in Roswell, GA, allowing couples to bask in the natural beauty of the area."
Westin Atlanta Airport,"Atlanta, GA",N/A,300+ Guests,4.0,4,The Westin Atlanta Airport is a wedding venue offering convenient access for out-of-town guests near Hartsfield-Jackson International Airport.
The Cotton Gin at Mill Creek,"Hiram, GA",$$,151-200 Guests,5.0,96,"The Cotton Gin at Mill Creek is an all-inclusive wedding venue in Hiram, GA, offering a proven planning experience."
Ashton Gardens Atlanta by Walters Wedding Estates,"Sugar Hill, GA",$$$,251-300 Guests,4.8,476,"Ashton Gardens is a premier wedding venue in Sugar Hill, GA, featuring a signature glass chapel surrounded by lush landscapes."
Conservatory at Waterstone,"Acworth, GA",$$,201-250 Guests,4.9,102,"Conservatory at Waterstone is a historic banquet hall wedding venue in Acworth, GA, offering all-inclusive solutions for clients."
The Wildflower Barn at Little River Farms,"Alpharetta, GA",$,101-150 Guests,5.0,81,"The Wildflower Barn at Little River is a historic, family owned barn that has been renovated to accommodate weddings and special events."
Little River Farms,"Alpharetta, GA",$$,201-250 Guests,4.9,188,"Little River Farms is a wedding venue in Alpharetta, GA, offering a peaceful retreat away from the hustle and bustle of the city."
Payne Corley House,"Duluth, GA",$$,151-200 Guests,5.0,190,The Payne-Corley House is a wedding venue and restored farmhouse offering a tranquil retreat for celebrations.
The Grande At Kennesaw,"Kennesaw, GA",$$,201-250 Guests,4.0,10,The Grande At Kennesaw is a charming Victorian-style farmhouse and wedding venue nestled on 2.5 acres of landscaped gardens.
Venue 92,"Woodstock, GA",$$,151-200 Guests,4.9,89,"Venue 92 offers a flexible space for any vision, from romantic garden affairs to neon-lights-music-thumping parties."
TPC Sugarloaf,"Duluth, GA",$$$,201-250 Guests,5.0,36,TPC Sugarloaf is an elegant wedding venue with a charming Clubhouse overlooking the 18th hole of their championship golf course.
Che'ne Rouge,"Hiram, GA",$$,151-200 Guests,4.9,7,Che’ne Rouge Weddings is a premier wedding venue offering elegant settings for your special day.
Douglasville Conference Center,"Douglasville, GA",$$,300+ Guests,3.0,1,Douglasville Conference Center is a wedding venue with elegant spaces and an iconic downtown location.
SomeTheme Weddings & Events,Metro Atlanta and Surrounding Areas,$$$,51-100 Guests,5.0,6,SomeTheme Weddings & Events offers a venue exuding timeless elegance without feeling stuffy or outdated.
Foxhall Resort,"Douglasville, GA",$$$,201-250 Guests,4.2,63,"Foxhall Resort is a picturesque wedding venue providing couples with a full weekend experience on 1,100 acres of countryside."
Genesis Ballroom,Atlanta Metropolitan Area,$$,251-300 Guests,,,"Genesis Ballroom is an opulent wedding venue perfect for lavish occasions, blending elegance with contemporary and industrial stylings."
Governors Towne Club,"Acworth, GA",$$,201-250 Guests,4.2,13,Governors Towne Club is an elegant event and wedding venue with a pristine golf course and sophisticated spaces.
Hilton Alpharetta Atlanta,"Alpharetta, GA",$$,251-300 Guests,5.0,1,Hilton Alpharetta Atlanta is a hotel and wedding venue offering a luxurious setting for sophisticated and memorable events.
Kite Manor Events & Studio,"Fayetteville, GA",$$$,51-100 Guests,,,Kite Manor Events & Studio offers polished modern indoor areas and rustic outdoor spaces for unique and charming weddings.
Hazlehurst House,"McDonough, GA",$$,251-300 Guests,4.8,54,"Hazelhurst House is a wedding venue on three acres of private land, offering a variety of indoor and outdoor settings."
Vines Mansion & Gardens,"Loganville, GA",$$,300+ Guests,4.6,31,Vines Mansion offers an open vendor policy and a picturesque setting for weddings with a variety of customizable options.
The Grand Ivy Point,"Suwanee, GA",$$,300+ Guests,3.0,2,"The Grand Ivy Point is a premier wedding venue designed to host a variety of special events, from weddings to corporate gatherings."
Atlanta Marriott Alpharetta,"Alpharetta, GA",$$,300+ Guests,5.0,2,The Atlanta Marriott Alpharetta is a luxurious hotel venue ideal for hosting sophisticated and memorable events.
St Ives Country Club,"Johns Creek, GA",$$$,201-250 Guests,4.7,14,"St Ives Country Club is one of Atlanta's most stunning wedding venues, featuring a 45,000 square foot stone encased clubhouse."
Breckinridge Banquet Hall,"Duluth, GA",$$,101-150 Guests,4.8,27,"Breckinridge Banquet Hall offers an upscale venue for memorable wedding celebrations, from intimate gatherings to large-scale receptions."
Cherry Hollow Farm,"Chattahoochee Hills, GA",$$,151-200 Guests,5.0,6,Cherry Hollow Farm is a one-of-a-kind indoor/outdoor wedding and event venue with unique features like bars and a cocktail lounge.
Atlanta Cosmopolitan Event Center,"Douglasville, GA",,,0.0,0,"Atlanta Cosmopolitan Event Center offers everything needed to bring your dream wedding event to life, conveniently located near Atlanta."
The Wheeler House and Barn,"Ball Ground, GA",$$,251-300 Guests,4.9,117,"The Wheeler House is a rustic barn wedding venue bursting with Southern charm, perfect for quaint countryside celebrations."
Carl House,"Auburn, GA",$$$,201-250 Guests,4.8,185,Carl House is a historic home offering an elegant destination for wedding celebrations with beautiful grounds and a mansion.
Koury Farms Weddings & Events,"Auburn, GA",$$,151-200 Guests,5.0,110,Koury Farms Weddings & Events is a rustic venue offering personalized service and attention to detail for your big day.
The Venue at Stillwater Pond,"Temple, GA",$$,151-200 Guests,,,The Venue at Stillwater Pond is a stunning wedding venue nestled on 53 acres of picturesque property with enchanting views.
Bradford House and Gardens,"Flowery Branch, GA",$$,101-150 Guests,5.0,42,"Bradford House and Gardens is a classic, southern home wedding venue offering an all-inclusive experience on seven gorgeous acres."
Bullock Springs Manor,"Dallas, GA",$$,151-200 Guests,4.4,16,"Bullock Springs Manor is a premier barn and farm wedding venue on 8 acres of luscious land, newly renovated for elegant events."
The Engine Room,"Monroe, GA",,300+ Guests,4.9,32,"The Engine Room offers historical elegance with modern convenience, perfect for weddings and events in historic downtown Monroe."
In The Woods,"Rockmart, GA",$$$,201-250 Guests,5.0,23,"In The Woods is North Georgia's newest state-of-the-art Wedding and Event Venue, offering a charming and rustic location."
Vinewood Stables,"Newnan, GA",$$$,201-250 Guests,4.9,88,"Vinewood Stables is a historic homestead and wedding venue located in the quaint community of Newnan, GA."
Lillian Gardens,"Newnan, GA",$$$,151-200 Guests,5.0,37,Lillian Gardens is a full-service event venue dedicated to providing professional planning services for all special occasions.
Lanier Islands Weddings,"Buford, GA",$$$,300+ Guests,4.7,170,"Lanier Islands Weddings provides breathtaking backdrops, world class amenities, and an incredible variety of venues."
Fendley Farmstead LLC,"Canton, GA",$$,151-200 Guests,5.0,114,"Fendley Farmstead, LLC is a picturesque farm wedding venue located in Canton, GA."
The Gathering at Golden Creek,"Bremen, GA",$$$,201-250 Guests,0.0,0,The Gathering at Golden Creek is a wedding venue situated on 23 acres of peaceful property.
Hi-Def Events,GA,$$,251-300 Guests,5.0,11,Hi-Def Events offers a modern yet timeless event venue setting ideal for wedding celebrations.
Mystic Acres Barn,"Griffin, GA",$$,251-300 Guests,0.0,0,"Mystic Acres Barn is a beautiful wedding venue located in Griffin, GA."
Cherokee County Conference Center @ The Bluffs,"Canton, GA",N/A,251-300 Guests,5.0,3,"Cherokee County Conference Center offers over 8,000 sq ft of configurable conference space."
Four Oaks Manor,"Buford, GA",$$,101-150 Guests,4.7,50,"Four Oaks Manor is a garden wedding venue located in Buford, GA."
"The Venue at Sharp Mountain, LLC","Jasper, GA",$$$,251-300 Guests,5.0,53,"The Venue at Sharp Mountain, LLC is a wedding and events venue located in Jasper, GA."
The Willows Farm,"Marble Hill, GA",$$,201-250 Guests,5.0,96,The Willows Farm is a country event venue that hosts weddings and other special occasions.
Harrells Vineyard,"Newnan, GA",$$,300+ Guests,0.0,0,"Harrell’s Vineyard is a serene and picturesque wedding venue in Newnan, GA."
White Laurel Estate,"Dawsonville, GA",$$$,151-200 Guests,5.0,39,White Laurel Estate is a former equestrian farm now transformed into a beautiful wedding venue.
The Farm At Rivers Edge,"Dawsonville, GA",$$,51-100 Guests,0.0,0,The Farm at River’s Edge is the perfect destination for an unforgettable river wedding.
Sage Cottage,"Adairsville, GA",$$,151-200 Guests,4.6,11,"Sage Cottage is the premier wedding venue in North Georgia, where your dream wedding becomes a reality."
The Georgia Club,"Statham, GA",$$$,251-300 Guests,4.8,5,"The Georgia Club is a one-of-a-kind wedding venue in Statham, GA."
Stone Creek Inn,"Rockmart, GA",$$,101-150 Guests,4.9,8,Stone Creek Inn is a charming wedding venue nestled on 20 acres of rugged wooded land.
Hightower Falls,"Cedartown, GA",$$,251-300 Guests,4.9,92,"Hightower Falls is a picturesque wedding venue located in Cedartown, Georgia."
Beautiful Beginnings Farm,"Newborn, GA",$,101-150 Guests,5.0,133,"Beautiful Beginnings Farm is a wedding venue owned by a happily married couple, David and Lisa."
Magnolia Creek Farms,"Adairsville, GA",$$$,300+ Guests,5.0,5,Magnolia Creek Farms is a countryside setting ideal for weddings and special occasions.
The Tate House,"Tate, GA",$$$,201-250 Guests,4.9,34,"The Tate House is a historic wedding venue situated in Tate, GA."
Barn South,"Talmo, GA",N/A,201-250 Guests,5.0,11,Barn South exemplifies a luxury Southern destination with natural character.
Spring Lake Events,"Rockmart, GA",$$,151-200 Guests,5.0,20,Spring Lake Events offers a picturesque setting with calm waters and wispy willow trees.
Downtown Moreland Mill,"Moreland, GA",N/A,N/A,5.0,2,"Downtown Moreland Mill is a wedding and events venue rich with historic, old-world charm."
Autumn Oaks of Winder,"Winder, GA",$$,101-150 Guests,5.0,2,"Autumn Oaks of Winder is a charming wedding venue in the heart of Winder, GA."
Swan Lake Overlook,"Dawsonville, GA",$$$,251-300 Guests,5.0,11,"Swan Lake Overlook is a modern and elegant wedding venue nestled in the countryside of Dawsonville, GA."
"Thompson House & Gardens, 9 Oaks Farm, & 2425 Warehouse",GA,$$,151-200 Guests,4.9,68,"We offer three beautiful venues including The Thompson House and Gardens, a stunning vintage Victorian home."
Gaither's at Myrtle Creek Farm,"Covington, GA",$$,151-200 Guests,5.0,3,Gaither's at Myrtle Creek Farm is a historic setting for weddings and other special events.
The Sixty Two,Georgia,$$,151-200 Guests,5.0,2,"The Sixty Two is a unique wedding venue in Atlanta, GA, offering a luxurious space for celebrations."
2400 On The River,"Ranger, GA",$$$,201-250 Guests,4.9,35,2400 On The River is a rustic riverfront wedding venue surrounded by the foothills of the Appalachian Mountains.
Juliette Chapel,"Dahlonega, GA",$$,51-100 Guests,5.0,36,"Juliette Chapel & Events in Dahlonega, GA is a wedding venue ideal for intimate affairs."
1051 Baxter,"Athens, GA",$$,251-300 Guests,5.0,1,"1051 Baxter is a brand new events facility in the heart of Athens, GA."
Twin Ponds at Riverbend,"Plainville, GA",$$,151-200 Guests,5.0,1,"Twin Ponds at Riverbend is a breathtaking wedding venue in Plainville, GA."
"Bogle Farm, LLC","Greenville, GA",$$$,251-300 Guests,4.9,45,"Located in Greenville, GA, Bogle Farm, LLC is an award-winning, idyllic wedding venue."
The Chapel Athens,"Athens, GA",$$$,251-300 Guests,5.0,17,"Situated in Athens, GA, The Chapel Athens is a pristine downtown estate for weddings."
Summit Farm Weddings,"Ellijay, GA",$$,101-150 Guests,4.9,112,Summit Farm Weddings is an enchanting countryside event venue with a panoramic view of the Appalachian Mountains.
Falling Waters Mountain Lodge,"Ellijay, GA",N/A,N/A,5.0,1,"Falling Waters Mountain Lodge in Ellijay, GA is a rural retreat and wedding venue."
Ivy & Oak,"Talking Rock, GA",$$,151-200 Guests,5.0,35,A breathtaking venue nestled in the North Georgia mountains with chic & elegant design.
255 Milledge | Hardeman-Sams Estate,"Athens, GA",$$$,151-200 Guests,4.9,118,"255 Milledge is a historic estate in Athens, Georgia, ideal for extraordinary celebrations."
Ott Vineyards and Winery,"Ellijay, GA",N/A,N/A,0.0,0,"Ott Vineyards and Winery is a family-owned venue set on 20 lush acres in Ellijay, GA."
27 on Park,"Dahlonega, GA",$$$,51-100 Guests,5.0,3,"27 on Park is a boutique hotel and wedding venue located in downtown Dahlonega, GA."
The Venue on Broad,"Athens, GA",$$,201-250 Guests,5.0,4,The Venue on Broad offers a unique style that fuses an old New Orleans vibe with industrial architecture.
Taylor Estate,"Rome, GA",N/A,Up to 350 Guests,5.0,2,"The Lodge at Taylor Estate is a newly-built, elegant venue with breathtaking views."
Strawberry Roan Farm's Barn,"Dahlonega, GA",$$,101-150 Guests,5.0,1,"Strawberry Roan Farm's Barn is a stunning and unique wedding venue in Dahlonega, GA."
Georgian Hall,"Athens, GA",$$$,201-250 Guests,5.0,103,"The Georgian Hall is a historic wedding venue nestled in Athens, GA."
The Falls at Blue Ridge,Georgia,$$$$,251-300 Guests,4.3,4,The Falls at Blue Ridge is a stunning wedding and event venue on 700 acres in the Blue Ridge Mountains.
CeNita Venue at CeNita Vineyards & Winery,"Cleveland, GA",$$,151-200 Guests,5.0,73,CeNita Venue at CeNita Vineyards is a wedding venue in the foothills of the Northeast Georgia Mountains.
South Elm Events,"Commerce GA, Athens GA",$$,101-150 Guests,5.0,1,South Elm Events offers a breathtaking ceremony bathed in sunlight and an elegant reception.
Cloverleaf Farm,"Athens-Clarke County, Oconee County",$$,300+ Guests,4.9,72,Cloverleaf Farm is a stunning wedding venue set amidst a 30-acre farm just outside of Athens.
Yonah Mountain Vineyards,"Cleveland, GA",$$$,201-250 Guests,4.9,49,"Yonah Mountain Vineyards is a charming, sprawling wedding venue located in Cleveland, GA."
Grant Hill Farms,"Commerce, GA",$$,201-250 Guests,5.0,68,The Venue at Grant Hill Farms is nestled among 88 acres of peaceful farmland.
Cormiston Farms,"Helen, Clarkesville, Sautee GA",$$$,101-150 Guests,5.0,4,"Cormiston Farms is a scenic country wedding venue located in Clarkesville, GA."
Enotah Valley Event Center,"Blairsville, GA",$$,51-100 Guests,5.0,5,"Enotah Valley is a venue that is a rustic setting for weddings in Blairsville, GA."
Fall Line Station,Georgia,$$$,300+ Guests,4.9,13,Fall Line Station is Macon’s newest wedding and event venue with an industrial-chic background.
Valhalla Resort Hotel,Northeast Georgia,$$,51-100 Guests,5.0,2,Valhalla Resort Hotel has an elegant ambiance reminiscent of an Old World Scottish Castle.
Wynnewood Grove,"Greater Athens GA area, Northern Atlanta",$$,251-300 Guests,0.0,0,"Wynnewood Grove is a historic and romantic wedding venue in Lexington, GA."
Butler Hall Events,"Gray, GA",$$,201-250 Guests,5.0,1,"Butler Hall Events is a historic wedding venue in Gray, Georgia."
McEachin Farm,"Athens, Northeast GA, Hartwell, Commerce",$$,101-150 Guests,5.0,2,"McEachin Farm is a stunning wedding venue in Atlanta, GA."
Brasstown Valley Resort & Spa,"Young Harris, GA",$$$,151-200 Guests,4.9,79,"Brasstown Valley Resort & Spa in Young Harris, GA, offers breathtaking mountain views and unique venues."
Overlook 55,"Young Harris, GA",$$$$,151-200 Guests,5.0,7,Overlook 55 is a captivating wedding venue that blends rustic charm with timeless elegance.
Walnut Hill Farm,"Dalton, GA",$$,300+ Guests,4.8,16,"Majestic mountain views, formal and informal gardens, orchards and a beautifully landscaped pond await you."
The Estate at Stone Creek,Middle Georgia,$$,201-250 Guests,4.8,5,The Estate at Stone Creek offers the perfect setting for the beginning of your happily ever after.
The Ridges Resort on Lake Chatuge,"Hiawassee, GA",$$$,201-250 Guests,4.9,46,This gorgeous waterfront wedding venue is surrounded by the majestic Blue Ridge mountains.
Lake Rabun Hotel & Restaurant,"Lakemont, GA",$$,101-150 Guests,5.0,2,"Our gorgeous wedding venue, Forest Lodge Wedding and Event Center, has two covered, open-air decks."
Bend of The River,"Hiawassee, GA",$$,N/A,0.0,0,"Bend of the River is a gorgeous, tranquil wedding venue on Lake Chatuge in Hiawassee, Georgia."
Rustic Vows,"Mineral Bluff, GA",$$,51-100 Guests,0.0,0,Rustic Vows offers an idyllic barn-style setting for creating bespoke wedding events.
Currahee Club,"Toccoa, GA",$$$,101-150 Guests,5.0,10,The Currahee Club features serene lake and mountain views offering a unique blend of sophistication and rustic charm.
Meadows at Mossy Creek,"Cleveland, GA",$$$$,251-300 Guests,5.0,39,This stylish and contemporary property is an ideal place for couples to host their big-day celebrations.
The Dogwood Barn at G5Ranch,"Milledgeville, GA",$$$,300+ Guests,5.0,16,The Dogwood Barn is a premier wedding venue ideal for rustic romantic events.
Hawkesdene,"Andrews, NC",$$$,101-150 Guests,5.0,58,Hawkesdene is a Private Mountain Estate located in the mountains of Western North Carolina.
Tryphena's Garden,"Fort Valley, GA",$$,151-200 Guests,4.9,18,The Venue at Tryphena's Garden is a fairytale-like wedding and events venue.
Splendor Mountain,"Tiger, GA",$$,51-100 Guests,4.7,27,Splendor Mountain is the perfect venue for an intimate wedding ceremony and reception.
Cloudland at McLemore Resort,"Rising Fawn, GA",$$$,251-300 Guests,4.2,6,"Cloudland at McLemore Resort on Lookout Mountain is a magical escape, offering breathtaking views."
Windsong Willows,"Hayesville, NC",$$,101-150 Guests,5.0,3,Windsong Willows is a charming new wedding venue designed for couples seeking an authentic nature-based wedding experience.
Skull Shoals Park,Georgia,$$,300+ Guests,0.0,0,Skull Shoals Park is an outdoor venue with numerous options ideal for couples who hope to be surrounded by nature.
Tiger Mountain Vineyards,"Tiger, GA",$$$,101-150 Guests,5.0,1,Tiger Mountain Vineyards offers a charming and intimate setting for your outdoor wedding.
Kingsland Farm,"Hawkinsville, GA",$$,151-200 Guests,5.0,1,Kingsland Farm is a picturesque and reclusive wedding venue surrounded by calm rural beauty.
Forest Hill Park,"Perry, GA",$$,51-100 Guests,4.9,21,Have a beautiful ceremony in a picturesque 1920's white wedding chapel.
The Icehouse Dublin,All of Georgia,$$,300+ Guests,0.0,0,"The Icehouse Dublin is a unique wedding venue in a beautifully restored, historic warehouse."
The Partridge Inn,"Augusta, GA",$$$,101-150 Guests,3.7,3,"The Partridge Inn provides an elegant, timelessly beautiful setting for milestone celebrations."
Augusta Marriott Hotel & Suites,"Augusta, GA",$$,300+ Guests,4.3,6,Augusta Marriott at the Convention Center is a hotel and wedding venue nestled on the Savannah River waterfront.
Padgett's Farm,"Waynesboro, GA",N/A,251-300 Guests,5.0,1,Padgett's Farm is a gem of a wedding venue nestled on 610 acres of breathtaking nature.
Quinney Oaks Plantation,"Millen, GA",$$,300+ Guests,4.8,18,Our event & wedding venue can make each and every occasion feel special.
